{
  "_format": "hh3-sol-build-info-1",
  "id": "solc-0_8_28-dc567bbbc6470c5f70c780752d836bf30674783f",
  "solcVersion": "0.8.28",
  "solcLongVersion": "0.8.28+commit.7893614a",
  "userSourceNameMap": {
    "contracts/MinVoting.sol": "project/contracts/MinVoting.sol"
  },
  "input": {
    "language": "Solidity",
    "settings": {
      "evmVersion": "cancun",
      "outputSelection": {
        "*": {
          "": [
            "ast"
          ],
          "*": [
            "abi",
            "evm.bytecode",
            "evm.deployedBytecode",
            "evm.methodIdentifiers",
            "metadata"
          ]
        }
      },
      "remappings": []
    },
    "sources": {
      "project/contracts/MinVoting.sol": {
        "content": "// SPDX-License-Identifier: MIT\r\npragma solidity ^0.8.0;\r\n\r\ncontract MiniVoting {\r\n    struct Proposal {\r\n        string name;\r\n        uint256 voteCount;\r\n    }\r\n\r\n    Proposal[] public proposals;\r\n    mapping(address => bool) public voted;\r\n\r\n    constructor(string[] memory proposalNames) {\r\n        for (uint256 i = 0; i < proposalNames.length; i++) {\r\n            proposals.push(Proposal({name: proposalNames[i], voteCount: 0}));\r\n        }\r\n    }\r\n\r\n    function vote(uint256 proposalIndex) public {\r\n        require(!voted[msg.sender], \"Already voted\");\r\n        require(proposalIndex < proposals.length, \"Invalid proposal index\");\r\n        proposals[proposalIndex].voteCount += 1;\r\n        voted[msg.sender] = true;\r\n    }\r\n\r\n    function winningProposal() public view returns (uint256 winningIndex) {\r\n        uint256 highest = 0;\r\n        for (uint256 i = 0; i < proposals.length; i++) {\r\n            if (proposals[i].voteCount > highest) {\r\n                highest = proposals[i].voteCount;\r\n                winningIndex = i;\r\n            }\r\n        }\r\n    }\r\n\r\n    function winnerName() external view returns (string memory) {\r\n        return proposals[winningProposal()].name;\r\n    }\r\n\r\n    function getProposalsCount() external view returns (uint256) {\r\n        return proposals.length;\r\n    }\r\n}\r\n"
      }
    }
  }
}