{"contracts/Counter.sol":{"jobHash":"solc-0_8_28-f51ae87ae795dce4b7c7ed5c8b1e794e7ad8d02a","isolated":false,"artifactPaths":["C:\\Users\\Michael\\go\\mini_voting\\artifacts\\contracts\\Counter.sol\\Counter.json"],"buildInfoPath":"C:\\Users\\Michael\\go\\mini_voting\\artifacts\\build-info\\solc-0_8_28-9c9615cbc50801137eb9bfe04a18c8efe416558a.json","buildInfoOutputPath":"C:\\Users\\Michael\\go\\mini_voting\\artifacts\\build-info\\solc-0_8_28-9c9615cbc50801137eb9bfe04a18c8efe416558a.output.json","typeFilePath":"C:\\Users\\Michael\\go\\mini_voting\\artifacts\\contracts\\Counter.sol\\artifacts.d.ts","wasm":false},"contracts/min_voting.sol":{"jobHash":"solc-0_8_28-95fca4accbb570a4b840a293f390951fc8940d14","isolated":false,"artifactPaths":["C:\\Users\\Michael\\go\\mini_voting\\artifacts\\contracts\\min_voting.sol\\SimpleVoting.json"],"buildInfoPath":"C:\\Users\\Michael\\go\\mini_voting\\artifacts\\build-info\\solc-0_8_28-9c9615cbc50801137eb9bfe04a18c8efe416558a.json","buildInfoOutputPath":"C:\\Users\\Michael\\go\\mini_voting\\artifacts\\build-info\\solc-0_8_28-9c9615cbc50801137eb9bfe04a18c8efe416558a.output.json","typeFilePath":"C:\\Users\\Michael\\go\\mini_voting\\artifacts\\contracts\\min_voting.sol\\artifacts.d.ts","wasm":false},"contracts/Counter.t.sol":{"jobHash":"solc-0_8_28-963e41b36889c62504e90bb6d0a6e674b2549111","isolated":false,"artifactPaths":["C:\\Users\\Michael\\go\\mini_voting\\cache\\test-artifacts\\contracts\\Counter.t.sol\\CounterTest.json"],"buildInfoPath":"C:\\Users\\Michael\\go\\mini_voting\\cache\\test-artifacts\\build-info\\solc-0_8_28-963e41b36889c62504e90bb6d0a6e674b2549111.json","buildInfoOutputPath":"C:\\Users\\Michael\\go\\mini_voting\\cache\\test-artifacts\\build-info\\solc-0_8_28-963e41b36889c62504e90bb6d0a6e674b2549111.output.json","wasm":false},"contracts/MinVoting.sol":{"jobHash":"solc-0_8_28-dc567bbbc6470c5f70c780752d836bf30674783f","isolated":false,"artifactPaths":["C:\\Users\\Michael\\go\\mini_voting\\artifacts\\contracts\\MinVoting.sol\\MiniVoting.json"],"buildInfoPath":"C:\\Users\\Michael\\go\\mini_voting\\artifacts\\build-info\\solc-0_8_28-dc567bbbc6470c5f70c780752d836bf30674783f.json","buildInfoOutputPath":"C:\\Users\\Michael\\go\\mini_voting\\artifacts\\build-info\\solc-0_8_28-dc567bbbc6470c5f70c780752d836bf30674783f.output.json","typeFilePath":"C:\\Users\\Michael\\go\\mini_voting\\artifacts\\contracts\\MinVoting.sol\\artifacts.d.ts","wasm":false}}